nodeId:ID,name,:LABEL
Q1,Q1,Item
Q156,Q156,Item
Q233,Q233,Item
Q277,Q277,Item
Q155,Q155,Item
Q8,Q8,Item
Q278,Q278,Item
Q83,Q83,Item
Q42,Q42,Item
Q45,Q45,Item
Q163,Q163,Item
Q284,Q284,Item
Q286,Q286,Item
Q281,Q281,Item
Q148,Q148,Item
Q228,Q228,Item
Q100,Q100,Item
Q144,Q144,Item
Q103,Q103,Item
Q147,Q147,Item
Q102,Q102,Item
Q51,Q51,Item
Q55,Q55,Item
Q99,Q99,Item
Q58,Q58,Item
Q197,Q197,Item
Q217,Q217,Item
Q216,Q216,Item
Q178,Q178,Item
Q177,Q177,Item
Q210,Q210,Item
Q298,Q298,Item
Q136,Q136,Item
Q257,Q257,Item
Q62,Q62,Item
Q218,Q218,Item
Q24,Q24,Item
Q68,Q68,Item
Q23,Q23,Item
Q140,Q140,Item
Q220,Q220,Item
Q183,Q183,Item
Q129,Q129,Item
Q244,Q244,Item
Q288,Q288,Item
Q166,Q166,Item
Q125,Q125,Item
Q202,Q202,Item
Q207,Q207,Item
Q31,Q31,Item
Q75,Q75,Item
Q33,Q33,Item
Q297,Q297,Item
Q291,Q291,Item
Q293,Q293,Item
